SAMPLE_NUMBER,SAMPLE_ID,LATITUDE,LONGITUDE,BOX_NUMBER,COLLECTION_DATE,COLLECTION_TIME,SAMPLE_BAG,BEFORE_PHOTO_NUMBER,AFTER_PHOTO_NUMBER,SHOT_MEASUREMENT_X,SHOT_MEASUREMENT_Y,PENETROMETER_READING,RELIABILITY_,NOTES,IMAGES,,,,,,,
1,2018080600_,32.242610,-108.944420,2018080600,2018-08-06,1:52 PM,,539,540,17,20,,,NEAR THE TRAFFIC SIGN (LORDSBERG 16 DEMING 76),,,,,,,,
2,2018080600_SB1,32.242590,-108.944460,2018080600,2018-08-06,12:01 PM,SB1,,,,,,,NEAR THE TRAFFIC SIGN (LORDSBERG 16 DEMING 76),,,,,,,,
3,2018080600_SB2,32.242010,-108.943940,2018080600,2018-08-06,1:52 PM,SB2,541,542,15,17,11.519,LOW,,,,,,,,,
4,2018080600_SB3,32.242400,-108.944190,2018080600,2018-08-06,2:09 PM,SB3,,,,,,,WE SUSPECT THAT IT IS SALTY SOIL,,,,,,,,
5,2018080600_SB4,32.242400,-108.944190,2018080600,2018-08-06,2:26 PM,SB4,553,554,15,21,8.619,LOW,AROUND/NEAR INSTRUMENT #3,,,,,,,,
6,2018080600_SB5,32.267290,-108.878410,2018080600,2018-08-07,10:20 AM,SB5,555,556,16,20,NO READING -- HARD,LOW,,,,,,,,,
7,2018080600_SB6,32.266640,-108.878530,2018080600,2018-08-07,10:34 AM,SB6,559,560,9,13,NO READING -- HARD,LOW,,,,,,,,,
8,2018080600_SB7,32.280580,-108.882000,2018080600,2018-08-07,10:56 AM,SB7,561,562,19,30,2.619,LOW,NEAR RAILWAY -- SOUTH SIDE,,,,,,,,
9,2018080600_SB8,32.281040,-108.882180,2018080600,2018-08-07,11:09 AM,SB8,566,567,10,15,7.019,LOW,NEAR RAILWAY -- NORTH SIDE,,,,,,,,
10,2018080600_SB9,32.391240,-108.943760,2018080600,2018-08-07,12:27 PM,SB9,,,,,,,,,,,,,,,
11,2018092000_11.0N-A-POND,32.280298,-108.881693,2018092000,2018-09-20,,11.0N-A-POND,,,,,,,,,,,,,,,
12,2018092000_11.0N-B-POND,32.280298,-108.881693,2018092000,2018-09-20,,11.0N-B-POND,,,,,,,,,,,,,,,
13,2018092000_11.0N-C-POND,32.280298,-108.881693,2018092000,2018-09-20,,11.0N-C-POND,,,,,,,,,,,,,,,
14,2018092000_11.0N-D-POND,32.280298,-108.881693,2018092000,2018-09-20,,11.0N-D-POND,,,,,,,,,,,,,,,
15,2018092000_11.4N-ROAD,32.283144,-108.875750,2018092000,2018-09-20,,11.4N-ROAD,,,,,,,,,,,,,,,
16,2018092000_11.6N-ROAD,32.284671,-108.873209,2018092000,2018-09-20,,11.6N-ROAD,,,,,,,,,,,,,,,
17,2018092000_11.8N-ROAD,32.286286,-108.870249,2018092000,2018-09-20,,11.8N-ROAD,,,,,,,,,,,,,,,
18,2018092000_12.0N-ROAD,32.288055,-108.867315,2018092000,2018-09-20,,12.0N-ROAD,,,,,,,,,,,,,,,
19,2018092000_12.6N-ROAD,32.291210,-108.861681,2018092000,2018-09-20,,12.6N-ROAD,,,,,,,,,,,,,,,
20,2018092000_12.8N-CENTER,32.293665,-108.857449,2018092000,2018-09-20,,12.8N-CENTER,,,,,,,,,,,,,,,
21,2018092000_12.8N-FENCE,32.293665,-108.857449,2018092000,2018-09-20,,12.8N-FENCE,,,,,,,,,,,,,,,
22,2018092000_13.0N-CENTER,32.296103,-108.853148,2018092000,2018-09-20,,13.0N-CENTER,,,,,,,,,,,,,,,
23,2018092000_13.0N-FENCE,32.296103,-108.853148,2018092000,2018-09-20,,13.0N-FENCE,,,,,,,,,,,,,,,
24,2018092000_13.0N-ROAD,32.296103,-108.853148,2018092000,2018-09-20,,13.0N-ROAD,,,,,,,,,,,,,,,
25,2018092000_13.4N-CENTER,32.297629,-108.850274,2018092000,2018-09-20,,13.4N-CENTER,,,,,,,,,,,,,,,
26,2018092000_13.4N-FENCE,32.297629,-108.850274,2018092000,2018-09-20,,13.4N-FENCE,,,,,,,,,,,,,,,
27,2018092000_13.4N-ROAD,32.297707,-108.850354,2018092000,2018-09-20,,13.4N-ROAD,,,,,,,,,,,,,,,
28,2018092000_13.6N-CENTER,32.299267,-108.847531,2018092000,2018-09-20,,13.6N-CENTER,,,,,,,,,,,,,,,
29,2018092000_13.6N-FENCE,32.299267,-108.847531,2018092000,2018-09-20,,13.6N-FENCE,,,,,,,,,,,,,,,
30,2018092000_13.6N-ROAD,32.299267,-108.847531,2018092000,2018-09-20,,13.6N-ROAD,,,,,,,,,,,,,,,
31,2018092000_13.8N-CENTER,32.301738,-108.843332,2018092000,2018-09-20,,13.8N-CENTER,,,,,,,,,,,,,,,
32,2018092000_13.8N-FENCE,32.301738,-108.843332,2018092000,2018-09-20,,13.8N-FENCE,,,,,,,,,,,,,,,
33,2018092000_13.8N-ROAD,32.301738,-108.843332,2018092000,2018-09-20,,13.8N-ROAD,,,,,,,,,,,,,,,
34,2018092000_14.0N-CENTER,32.327435,-108.855269,2018092000,2018-09-20,,14.0N-CENTER,,,,,,,,,,,,,,,
35,2018092000_14.0N-FENCE,32.327435,-108.855269,2018092000,2018-09-20,,14.0N-FENCE,,,,,,,,,,,,,,,
36,2018092000_14.0N-ROAD,32.32743459,-108.855269,2018092000,2018-09-20,,14.0N-ROAD,,,,,,,,,,,,,,,
37,2018092000_MISSING_LABEL,,,2018092000,2018-09-20,,MISSING_LABEL,,,,,,,,,,,,,,,
38,2018092001_10.0N-CENTER,32.271699,-108.895577,2018092001,2018-09-20,,10.0N-CENTER,,,,,,,,,,,,,,,
39,2018092001_10.0N-FENCE,32.271699,-108.895577,2018092001,2018-09-20,,10.0N-FENCE,,,,,,,,,,,,,,,
40,2018092001_10.0N-ROAD,32.271699,-108.895577,2018092001,2018-09-20,,10.0N-ROAD,,,,,,,,,,,,,,,
41,2018092001_10.4N-CENTER,32.272591,-108.894192,2018092001,2018-09-20,,10.4N-CENTER,,,,,,,,,,,,,,,
42,2018092001_10.4N-FENCE,32.272591,-108.894192,2018092001,2018-09-20,,10.4N-FENCE,,,,,,,,,,,,,,,
43,2018092001_10.4N-ROAD,32.272591,-108.894192,2018092001,2018-09-20,,10.4N-ROAD,,,,,,,,,,,,,,,
44,2018092001_10.6N-CENTER,32.274245,-108.891411,2018092001,2018-09-20,,10.6N-CENTER,,,,,,,,,,,,,,,
45,2018092001_10.6N-ROAD,32.274245,-108.891411,2018092001,2018-09-20,,10.6N-ROAD,,,,,,,,,,,,,,,
46,2018092001_10.8N-CENTER,32.276569,-108.887200,2018092001,2018-09-20,,10.8N-CENTER,,,,,,,,,,,,,,,
47,2018092001_10.8N-FENCE,32.276569,-108.887200,2018092001,2018-09-20,,10.8N-FENCE,,,,,,,,,,,,,,,
48,2018092001_10.8N-ROAD,32.276569,-108.887200,2018092001,2018-09-20,,10.8N-ROAD,,,,,,,,,,,,,,,
49,2018092001_11.0N-E-RR-N-POND,32.280556,-108.881852,2018092001,2018-09-20,,11.0N-E-RR-N-POND,,,,,,,,,,,,,,,
50,2018092001_9.3N-CENTER,32.266024,-108.905422,2018092001,2018-09-20,,9.3N-CENTER,,,,,,,,,,,,,,,
51,2018092001_9.3N-FENCE,32.266024,-108.905422,2018092001,2018-09-20,,9.3N-FENCE,,,,,,,,,,,,,,,
52,2018092001_9.3N-ROAD,32.266022,-108.905418,2018092001,2018-09-20,,9.3N-ROAD,,,,,,,,,,,,,,,
53,2018092001_9.6N-CENTER,32.268486,-108.901222,2018092001,2018-09-20,,9.6N-CENTER,,,,,,,,,,,,,,,
54,2018092001_9.6N-FENCE,32.268486,-108.901222,2018092001,2018-09-20,,9.6N-FENCE,,,,,,,,,,,,,,,
55,2018092001_9.6N-ROAD,32.268416,-108.901215,2018092001,2018-09-20,,9.6N-ROAD,,,,,,,,,,,,,,,
56,2018092001_9.8N-CENTER,32.270074,-108.898336,2018092001,2018-09-20,,9.8N-CENTER,,,,,,,,,,,,,,,
57,2018092001_9.8N-FENCE,32.270074,-108.898336,2018092001,2018-09-20,,9.8N-FENCE,,,,,,,,,,,,,,,
58,2018092001_9.8N-ROAD,32.270071,-108.898326,2018092001,2018-09-20,,9.8N-ROAD,,,,,,,,,,,,,,,
59,2018092002_10.0S-ROAD,32.271355,-108.895198,2018092002,2018-09-20,,10.0S-ROAD,,,,,,,,,,,,,,,
60,2018092002_11.0S-ROAD,32.279911,-108.881312,2018092002,2018-09-20,,11.0S-ROAD,,,,,,,,,,,,,,,
61,2018092002_12.0S-ROAD,32.287765,-108.866728,2018092002,2018-09-20,,12.0S-ROAD,,,,,,,,,,,,,,,
62,2018092002_13.0S-CENTER,32.295701,-108.852864,2018092002,2018-09-20,,13.0S-CENTER,,,,,,,,,,,,,,,
63,2018092002_13.0S-ROAD,32.295701,-108.852864,2018092002,2018-09-20,,13.0S-ROAD,,,,,,,,,,,,,,,
64,2018092002_14.0S-CENTER,32.303739,-108.838759,2018092002,2018-09-20,,14.0S-CENTER,,,,,,,,,,,,,,,
65,2018092002_14.0S-FENCE,32.303739,-108.838759,2018092002,2018-09-20,,14.0S-FENCE,,,,,,,,,,,,,,,
66,2018092002_14.0S-ROAD,32.303739,-108.838759,2018092002,2018-09-20,,14.0S-ROAD,,,,,,,,,,,,,,,
67,2018092002_8.0N-CENTER,32.255476,-108.923822,2018092002,2018-09-20,,8.0N-CENTER,,,,,,,,,,,,,,,
68,2018092002_8.0N-FENCE,32.255476,-108.923822,2018092002,2018-09-20,,8.0N-FENCE,,,,,,,,,,,,,,,
69,2018092002_8.0N-ROAD,32.255476,-108.923822,2018092002,2018-09-20,,8.0N-ROAD,,,,,,,,,,,,,,,
70,2018092002_8.0S-CENTER,32.255102,-108.923555,2018092002,2018-09-20,,8.0S-CENTER,,,,,,,,,,,,,,,
71,2018092002_8.0S-ROAD,32.255102,-108.923555,2018092002,2018-09-20,,8.0S-ROAD,,,,,,,,,,,,,,,
72,2018092002_8.4N-CENTER,32.257786,-108.919687,2018092002,2018-09-20,,8.4N-CENTER,,,,,,,,,,,,,,,
73,2018092002_8.4N-FENCE,32.257786,-108.919687,2018092002,2018-09-20,,8.4N-FENCE,,,,,,,,,,,,,,,
74,2018092002_8.4N-ROAD,32.257786,-108.919687,2018092002,2018-09-20,,8.4N-ROAD,,,,,,,,,,,,,,,
75,2018092002_8.7N-CENTER,32.260252,-108.915494,2018092002,2018-09-20,,8.7N-CENTER,,,,,,,,,,,,,,,
76,2018092002_8.7N-FENCE,32.260252,-108.915494,2018092002,2018-09-20,,8.7N-FENCE,,,,,,,,,,,,,,,
77,2018092002_8.7N-ROAD,32.260252,-108.915494,2018092002,2018-09-20,,8.7N-ROAD,,,,,,,,,,,,,,,
78,2018092002_9.0N-CENTER,32.263545,-108.909768,2018092002,2018-09-20,,9.0N-CENTER,,,,,,,,,,,,,,,
79,2018092002_9.0N-FENCE,32.263473,-108.909787,2018092002,2018-09-20,,9.0N-FENCE,,,,,,,,,,,,,,,
80,2018092002_9.0N-ROAD,32.263545,-108.909768,2018092002,2018-09-20,,9.0N-ROAD,,,,,,,,,,,,,,,
81,2018092002_9.0S-ROAD,32.263207,-108.909338,2018092002,2018-09-20,,9.0S-ROAD,,,,,,,,,,,,,,,
82,2019030600_SAMP-1-WILLCOX,32.117632,-109.900288,2019030600,2019-03-06,,SAM.#1 WILLCOX,,,,,,,WILLCOX PLAYA,IMG_8209,IMG_8210,IMG_8211,IMG_8212,IMG_8213,IMG_8214,IMG_8215,
83,2019030600_SAMP-2-WILLCOX,32.117412,-109.900211,2019030600,2019-03-06,,SAM.#2 WILLCOX,,,,,,,WILLCOX PLAYA,IMG_8216,IMG_8217,IMG_8218,IMG_8219,IMG_8220,IMG_8221,IMG_8222,IMG_8223
84,2019030600_SAMP-3-WILLCOX,32.117412,-109.900211,2019030600,2019-03-06,,SAM.#3,,,,,,,WILLCOX PLAYA,IMG_8216,IMG_8217,IMG_8218,IMG_8219,IMG_8220,IMG_8221,IMG_8222,IMG_8223
85,2019030600_SB10-TOP,32.117472,-109.900365,2019030600,2019-03-06,,SB10 TOP,,,,,,,WILLCOX PLAYA,IMG_8238,IMG_8239,IMG_8240,,,,,
86,2019030600_SB11-BOTTOM,32.117472,-109.900365,2019030600,2019-03-06,,SB11 BOTTOM,,,,,,,WILLCOX PLAYA,IMG_8238,IMG_8239,IMG_8240,,,,,
87,2019030600_SB12,32.117613,-109.900295,2019030600,2019-03-06,,SB12,,,,,,,WILLCOX PLAYA,IMG_8241,IMG_8242,IMG_8243,,,,,
88,2019030600_SB13-TOP,32.215401,-109.781935,2019030600,2019-03-06,11:44 AM,SB13 TOP,,,,,,,WILLCOX PLAYA,IMG_8244,IMG_8245,IMG_8246,,,,,
89,2019030600_SB14-BOTTOM,32.215401,-109.781935,2019030600,2019-03-06,11:44 AM,SB14 BOTTOM,,,,,,,WILLCOX PLAYA,IMG_8244,IMG_8245,IMG_8246,,,,,
90,2019030600_SB15,32.215425,-109.781839,2019030600,2019-03-06,,SB15,,,,,,,WILLCOX PLAYA,IMG_8252,IMG_8253,IMG_8254,,,,,
91,2019030600_SB16,32.215391,-109.781814,2019030600,2019-03-06,12:03 PM,SB16,,,,,,,WILLCOX PLAYA,IMG_8255,IMG_8256,IMG_8257,,,,,
92,2019030600_SB17,32.266825,-108.878344,2019030600,2019-03-06,,SB17,,,,,,,,IMG_8266,IMG_8267,IMG_8268,,,,,
93,2019030600_SB18,32.266809,-108.878283,2019030600,2019-03-06,,SB18,,,,,,,,IMG_8269,IMG_8270,IMG_8271,IMG_8272,,,,
94,2019030600_SB4,32.117412,-109.900211,2019030600,2019-03-06,,SB4,,,,,,,WILLCOX PLAYA,IMG_8216,IMG_8217,IMG_8218,IMG_8219,IMG_8220,IMG_8221,IMG_8222,IMG_8223
95,2019030600_SB5,32.117403,-109.900177,2019030600,2019-03-06,,SB5,,,,,,,WILLCOX PLAYA,IMG_8224,,,,,,,
96,2019030600_SB6,32.117381,-109.900121,2019030600,2019-03-06,,SB6,,,,,,,WILLCOX PLAYA,IMG_8225,IMG_8226,IMG_8227,,,,,
97,2019030600_SB7,32.117348,-109.900103,2019030600,2019-03-06,,SB7,,,,,,,WILLCOX PLAYA,IMG_8228,IMG_8229,IMG_8230,,,,,
98,2019030600_SB8,32.117330,-109.916587,2019030600,2019-03-06,,SB8,,,,,,,WILLCOX PLAYA,IMG_8231,IMG_8232,IMG_8233,IMG_8234,,,,
99,2019030600_SB9,32.117361,-109.900028,2019030600,2019-03-06,,SB9,,,,,,,WILLCOX PLAYA,IMG_8235,IMG_8236,IMG_8237,IMG_8238,,,,
100,IN-FRIDGE_12.0S-WATER,32.287634,-108.866271,IN FRIDGE,2018-09-20,,12.0S-WATER,,,,,,,,,,,,,,,
101,IN-FRIDGE_12.8N-ROAD,32.293665,-108.857449,IN FRIDGE,2018-09-20,,12.8N-ROAD,,,,,,,,,,,,,,,
102,XXXXXXXX00_1,32.278049,-108.888698,XXXXXXXX00,,,1,,,,,,,,,,,,,,,
103,XXXXXXXX00_1-E,32.278049,-108.888645,XXXXXXXX00,,,1-E,,,,,,,,,,,,,,,
104,XXXXXXXX00_1-N,32.278094,-108.888698,XXXXXXXX00,,,1-N,,,,,,,,,,,,,,,
105,XXXXXXXX00_1-S,32.278004,-108.888698,XXXXXXXX00,,,1-S,,,,,,,,,,,,,,,
106,XXXXXXXX00_1-W,32.278049,-108.888751,XXXXXXXX00,,,1-W,,,,,,,,,,,,,,,
107,XXXXXXXX00_2,32.278740,-108.888615,XXXXXXXX00,,,2,,,,,,,,,,,,,,,
108,XXXXXXXX00_2-E,32.278740,-108.888562,XXXXXXXX00,,,2-E,,,,,,,,,,,,,,,
109,XXXXXXXX00_2-N,32.278785,-108.888615,XXXXXXXX00,,,2-N,,,,,,,,,,,,,,,
110,XXXXXXXX00_2-S,32.278695,-108.888615,XXXXXXXX00,,,2-S,,,,,,,,,,,,,,,
111,XXXXXXXX00_2-W,32.278740,-108.888668,XXXXXXXX00,,,2-W,,,,,,,,,,,,,,,
112,XXXXXXXX00_EP,32.277303,-108.888720,XXXXXXXX00,,,EP,,,,,,,,,,,,,,,
113,XXXXXXXX00_EP-E,32.277303,-108.888667,XXXXXXXX00,,,EP-E,,,,,,,,,,,,,,,
114,XXXXXXXX00_EP-N,32.277348,-108.888720,XXXXXXXX00,,,EP-N,,,,,,,,,,,,,,,
115,XXXXXXXX00_EP-W,32.277303,-108.888773,XXXXXXXX00,,,EP-W,,,,,,,,,,,,,,,
116,XXXXXXXX01_3,32.279466,-108.888601,XXXXXXXX01,,,3,,,,,,,,,,,,,,,
117,XXXXXXXX01_3-E,32.279466,-108.888548,XXXXXXXX01,,,3-E,,,,,,,,,,,,,,,
118,XXXXXXXX01_3-N,32.279511,-108.888601,XXXXXXXX01,,,3-N,,,,,,,,,,,,,,,
119,XXXXXXXX01_3-S,32.279421,-108.888601,XXXXXXXX01,,,3-S,,,,,,,,,,,,,,,
120,XXXXXXXX01_3-W,32.279466,-108.888655,XXXXXXXX01,,,3-W,,,,,,,,,,,,,,,
121,XXXXXXXX01_4,32.280101,-108.888512,XXXXXXXX01,,,4,,,,,,,,,,,,,,,
122,XXXXXXXX01_4-E,32.280101,-108.888459,XXXXXXXX01,,,4-E,,,,,,,,,,,,,,,
123,XXXXXXXX01_4-N,32.280146,-108.888512,XXXXXXXX01,,,4-N,,,,,,,,,,,,,,,
124,XXXXXXXX01_4-S,32.280056,-108.888512,XXXXXXXX01,,,4-S,,,,,,,,,,,,,,,
125,XXXXXXXX01_4-W,32.280101,-108.888565,XXXXXXXX01,,,4-W,,,,,,,,,,,,,,,
126,XXXXXXXX01_5,32.280781,-108.888472,XXXXXXXX01,,,5,,,,,,,,,,,,,,,
127,XXXXXXXX01_5-E,32.280781,-108.888418,XXXXXXXX01,,,5-E,,,,,,,,,,,,,,,
128,XXXXXXXX01_5-N,32.280826,-108.888472,XXXXXXXX01,,,5-N,,,,,,,,,,,,,,,
129,XXXXXXXX01_5-S,32.280736,-108.888472,XXXXXXXX01,,,5-S,,,,,,,,,,,,,,,
130,XXXXXXXX01_5-W,32.280781,-108.888525,XXXXXXXX01,,,5-W,,,,,,,,,,,,,,,
131,XXXXXXXX02_6,32.281451,-108.888364,XXXXXXXX02,,,6,,,,,,,,,,,,,,,
132,XXXXXXXX02_6-E,32.281451,-108.888311,XXXXXXXX02,,,6-E,,,,,,,,,,,,,,,
133,XXXXXXXX02_6-N,32.281496,-108.888364,XXXXXXXX02,,,6-N,,,,,,,,,,,,,,,
134,XXXXXXXX02_6-S,32.281406,-108.888364,XXXXXXXX02,,,6-S,,,,,,,,,,,,,,,
135,XXXXXXXX02_6-W,32.281451,-108.888417,XXXXXXXX02,,,6-W,,,,,,,,,,,,,,,
136,XXXXXXXX02_7,32.282149,-108.888249,XXXXXXXX02,,,7,,,,,,,,,,,,,,,
137,XXXXXXXX02_7-E,32.282149,-108.888196,XXXXXXXX02,,,7-E,,,,,,,,,,,,,,,
138,XXXXXXXX02_7-N,32.282194,-108.888249,XXXXXXXX02,,,7-N,,,,,,,,,,,,,,,
139,XXXXXXXX02_7-S,32.282104,-108.888249,XXXXXXXX02,,,7-S,,,,,,,,,,,,,,,
140,XXXXXXXX02_7-W,32.282149,-108.888302,XXXXXXXX02,,,7-W,,,,,,,,,,,,,,,
141,XXXXXXXX02_8,32.282797,-108.888105,XXXXXXXX02,,,8,,,,,,,,,,,,,,,
142,XXXXXXXX02_8-E,32.282797,-108.888052,XXXXXXXX02,,,8-E,,,,,,,,,,,,,,,
143,XXXXXXXX02_8-N,32.282842,-108.888105,XXXXXXXX02,,,8-N,,,,,,,,,,,,,,,
144,XXXXXXXX02_8-S,32.282752,-108.888105,XXXXXXXX02,,,8-S,,,,,,,,,,,,,,,
145,XXXXXXXX02_8-W,32.282797,-108.888158,XXXXXXXX02,,,8-W,,,,,,,,,,,,,,,
146,XXXXXXXX03_10,32.284126,-108.887888,XXXXXXXX03,,,10,,,,,,,,,,,,,,,
147,XXXXXXXX03_10-E,32.284126,-108.887835,XXXXXXXX03,,,10-E,,,,,,,,,,,,,,,
148,XXXXXXXX03_10-N,32.284171,-108.887888,XXXXXXXX03,,,10-N,,,,,,,,,,,,,,,
149,XXXXXXXX03_10-S,32.284081,-108.887888,XXXXXXXX03,,,10-S,,,,,,,,,,,,,,,
150,XXXXXXXX03_10-W,32.284126,-108.887941,XXXXXXXX03,,,10-W,,,,,,,,,,,,,,,
151,XXXXXXXX03_11,32.284783,-108.887773,XXXXXXXX03,,,11,,,,,,,,,,,,,,,
152,XXXXXXXX03_11-E,32.284783,-108.887719,XXXXXXXX03,,,11-E,,,,,,,,,,,,,,,
153,XXXXXXXX03_11-N,32.284828,-108.887773,XXXXXXXX03,,,11-N,,,,,,,,,,,,,,,
154,XXXXXXXX03_11-S,32.284738,-108.887773,XXXXXXXX03,,,11-S,,,,,,,,,,,,,,,
155,XXXXXXXX03_11-W,32.284783,-108.887826,XXXXXXXX03,,,11-W,,,,,,,,,,,,,,,
156,XXXXXXXX03_9,32.283461,-108.888003,XXXXXXXX03,,,9,,,,,,,,,,,,,,,
157,XXXXXXXX03_9-E,32.283461,-108.887950,XXXXXXXX03,,,9-E,,,,,,,,,,,,,,,
158,XXXXXXXX03_9-N,32.283506,-108.888003,XXXXXXXX03,,,9-N,,,,,,,,,,,,,,,
159,XXXXXXXX03_9-S,32.283416,-108.888003,XXXXXXXX03,,,9-S,,,,,,,,,,,,,,,
160,XXXXXXXX03_9-W,32.283461,-108.888056,XXXXXXXX03,,,9-W,,,,,,,,,,,,,,,
161,XXXXXXXX04_12,32.285479,-108.887646,XXXXXXXX04,,,12,,,,,,,,,,,,,,,
162,XXXXXXXX04_12-E,32.285479,-108.887593,XXXXXXXX04,,,12-E,,,,,,,,,,,,,,,
163,XXXXXXXX04_12-N,32.285524,-108.887646,XXXXXXXX04,,,12-N,,,,,,,,,,,,,,,
164,XXXXXXXX04_12-S,32.285434,-108.887646,XXXXXXXX04,,,12-S,,,,,,,,,,,,,,,
165,XXXXXXXX04_12-W,32.285479,-108.887699,XXXXXXXX04,,,12-W,,,,,,,,,,,,,,,
166,XXXXXXXX04_13,32.286126,-108.887414,XXXXXXXX04,,,13,,,,,,,,,,,,,,,
167,XXXXXXXX04_13-E,32.286126,-108.887360,XXXXXXXX04,,,13-E,,,,,,,,,,,,,,,
168,XXXXXXXX04_13-N,32.286171,-108.887414,XXXXXXXX04,,,13-N,,,,,,,,,,,,,,,
169,XXXXXXXX04_13-S,32.286081,-108.887414,XXXXXXXX04,,,13-S,,,,,,,,,,,,,,,
170,XXXXXXXX04_13-W,32.286126,-108.887467,XXXXXXXX04,,,13-W,,,,,,,,,,,,,,,
171,XXXXXXXX04_14,32.286773,-108.887249,XXXXXXXX04,,,14,,,,,,,,,,,,,,,
172,XXXXXXXX04_14-E,32.286773,-108.887195,XXXXXXXX04,,,14-E,,,,,,,,,,,,,,,
173,XXXXXXXX04_14-N,32.286818,-108.887249,XXXXXXXX04,,,14-N,,,,,,,,,,,,,,,
174,XXXXXXXX04_14-S,32.286728,-108.887249,XXXXXXXX04,,,14-S,,,,,,,,,,,,,,,
175,XXXXXXXX04_14-W,32.286773,-108.887302,XXXXXXXX04,,,14-W,,,,,,,,,,,,,,,
176,XXXXXXXX04_15,32.287451,-108.887044,XXXXXXXX04,,,15,,,,,,,,,,,,,,,
177,XXXXXXXX04_15-E,32.287451,-108.886991,XXXXXXXX04,,,15-E,,,,,,,,,,,,,,,
178,XXXXXXXX04_15-N,32.287496,-108.887044,XXXXXXXX04,,,15-N,,,,,,,,,,,,,,,
179,XXXXXXXX04_15-S,32.287406,-108.887044,XXXXXXXX04,,,15-S,,,,,,,,,,,,,,,
180,XXXXXXXX04_15-W,32.287451,-108.887097,XXXXXXXX04,,,15-W,,,,,,,,,,,,,,,
181,XXXXXXXX04_16,32.288120,-108.886855,XXXXXXXX04,,,16,,,,,,,,,,,,,,,
182,XXXXXXXX04_16-E,32.288120,-108.886801,XXXXXXXX04,,,16-E,,,,,,,,,,,,,,,
183,XXXXXXXX04_16-N,32.288165,-108.886855,XXXXXXXX04,,,16-N,,,,,,,,,,,,,,,
184,XXXXXXXX04_16-S,32.288075,-108.886855,XXXXXXXX04,,,16-S,,,,,,,,,,,,,,,
185,XXXXXXXX04_16-W,32.288120,-108.886908,XXXXXXXX04,,,16-W,,,,,,,,,,,,,,,
186,XXXXXXXX05_17,32.288765,-108.886699,XXXXXXXX05,,,17,,,,,,,,,,,,,,,
187,XXXXXXXX05_17-E,32.288765,-108.886646,XXXXXXXX05,,,17-E,,,,,,,,,,,,,,,
188,XXXXXXXX05_17-N,32.288810,-108.886699,XXXXXXXX05,,,17-N,,,,,,,,,,,,,,,
189,XXXXXXXX05_17-S,32.288720,-108.886699,XXXXXXXX05,,,17-S,,,,,,,,,,,,,,,
190,XXXXXXXX05_17-W,32.288765,-108.886752,XXXXXXXX05,,,17-W,,,,,,,,,,,,,,,
191,XXXXXXXX05_18,32.289418,-108.886557,XXXXXXXX05,,,18,,,,,,,,,,,,,,,
192,XXXXXXXX05_18-E,32.289418,-108.886503,XXXXXXXX05,,,18-E,,,,,,,,,,,,,,,
193,XXXXXXXX05_18-N,32.289463,-108.886557,XXXXXXXX05,,,18-N,,,,,,,,,,,,,,,
194,XXXXXXXX05_18-S,32.289373,-108.886557,XXXXXXXX05,,,18-S,,,,,,,,,,,,,,,
195,XXXXXXXX05_18-W,32.289418,-108.886610,XXXXXXXX05,,,18-W,,,,,,,,,,,,,,,
196,XXXXXXXX05_19,32.290112,-108.886419,XXXXXXXX05,,,19,,,,,,,,,,,,,,,
197,XXXXXXXX05_19-E,32.278049,-108.888645,XXXXXXXX05,,,19-E,,,,,,,,,,,,,,,
198,XXXXXXXX05_19-N,32.278094,-108.888698,XXXXXXXX05,,,19-N,,,,,,,,,,,,,,,
199,XXXXXXXX05_19-S,32.278004,-108.888698,XXXXXXXX05,,,19-S,,,,,,,,,,,,,,,
200,XXXXXXXX05_19-W,32.278049,-108.888751,XXXXXXXX05,,,19-W,,,,,,,,,,,,,,,
201,XXXXXXXX05_20,32.290789,-108.886309,XXXXXXXX05,,,20,,,,,,,,,,,,,,,
202,XXXXXXXX05_20-E,32.290789,-108.886256,XXXXXXXX05,,,20-E,,,,,,,,,,,,,,,
203,XXXXXXXX05_20-N,32.290834,-108.886309,XXXXXXXX05,,,20-N,,,,,,,,,,,,,,,
204,XXXXXXXX05_20-S,32.290744,-108.886309,XXXXXXXX05,,,20-S,,,,,,,,,,,,,,,
205,XXXXXXXX05_20-W,32.290789,-108.886362,XXXXXXXX05,,,20-W,,,,,,,,,,,,,,,
206,XXXXXXXX05_21,32.291486,-108.886186,XXXXXXXX05,,,21,,,,,,,,,,,,,,,
207,XXXXXXXX05_21-E,32.291486,-108.886133,XXXXXXXX05,,,21-E,,,,,,,,,,,,,,,
208,XXXXXXXX05_21-N,32.291530,-108.886186,XXXXXXXX05,,,21-N,,,,,,,,,,,,,,,
209,XXXXXXXX05_21-S,32.291441,-108.886186,XXXXXXXX05,,,21-S,,,,,,,,,,,,,,,
210,XXXXXXXX05_21-W,32.291486,-108.886239,XXXXXXXX05,,,21-W,,,,,,,,,,,,,,,
211,XXXXXXXX05_22,32.292154,-108.886074,XXXXXXXX05,,,22,,,,,,,,,,,,,,,
212,XXXXXXXX05_22-E,32.292154,-108.886021,XXXXXXXX05,,,22-E,,,,,,,,,,,,,,,
213,XXXXXXXX05_22-N,32.292199,-108.886074,XXXXXXXX05,,,22-N,,,,,,,,,,,,,,,
214,XXXXXXXX05_22-S,32.292109,-108.886074,XXXXXXXX05,,,22-S,,,,,,,,,,,,,,,
215,XXXXXXXX05_22-W,32.292154,-108.886127,XXXXXXXX05,,,22-W,,,,,,,,,,,,,,,
216,XXXXXXXX06_23,32.292834,-108.886077,XXXXXXXX06,,,23,,,,,,,,,,,,,,,
217,XXXXXXXX06_23-E,32.292834,-108.886024,XXXXXXXX06,,,23-E,,,,,,,,,,,,,,,
218,XXXXXXXX06_23-N,32.292879,-108.886077,XXXXXXXX06,,,23-N,,,,,,,,,,,,,,,
219,XXXXXXXX06_23-S,32.292789,-108.886077,XXXXXXXX06,,,23-S,,,,,,,,,,,,,,,
220,XXXXXXXX06_23-W,32.292834,-108.886130,XXXXXXXX06,,,23-W,,,,,,,,,,,,,,,
221,XXXXXXXX06_24,32.293518,-108.885987,XXXXXXXX06,,,24,,,,,,,,,,,,,,,
222,XXXXXXXX06_24-E,32.293518,-108.885933,XXXXXXXX06,,,24-E,,,,,,,,,,,,,,,
223,XXXXXXXX06_24-N,32.293563,-108.885987,XXXXXXXX06,,,24-N,,,,,,,,,,,,,,,
224,XXXXXXXX06_24-S,32.293473,-108.885987,XXXXXXXX06,,,24-S,,,,,,,,,,,,,,,
225,XXXXXXXX06_24-W,32.293518,-108.886040,XXXXXXXX06,,,24-W,,,,,,,,,,,,,,,
226,XXXXXXXX06_25,32.294167,-108.885850,XXXXXXXX06,,,25,,,,,,,,,,,,,,,
227,XXXXXXXX06_25-E,32.294167,-108.885797,XXXXXXXX06,,,25-E,,,,,,,,,,,,,,,
228,XXXXXXXX06_25-N,32.294212,-108.885850,XXXXXXXX06,,,25-N,,,,,,,,,,,,,,,
229,XXXXXXXX06_25-S,32.294122,-108.885850,XXXXXXXX06,,,25-S,,,,,,,,,,,,,,,
230,XXXXXXXX06_25-W,32.294167,-108.885903,XXXXXXXX06,,,25-W,,,,,,,,,,,,,,,
231,XXXXXXXX06_26,32.294832,-108.885711,XXXXXXXX06,,,26,,,,,,,,,,,,,,,
232,XXXXXXXX06_26-E,32.294832,-108.885658,XXXXXXXX06,,,25-W-E,,,,,,,,,,,,,,,
233,XXXXXXXX06_26-N,32.294877,-108.885711,XXXXXXXX06,,,25-W-E-N,,,,,,,,,,,,,,,
234,XXXXXXXX06_26-S,32.294787,-108.885711,XXXXXXXX06,,,26-S,,,,,,,,,,,,,,,
235,XXXXXXXX06_26-W,32.294832,-108.885764,XXXXXXXX06,,,26-W,,,,,,,,,,,,,,,
236,XXXXXXXX06_27,32.295490,-108.885541,XXXXXXXX06,,,27,,,,,,,,,,,,,,,
237,XXXXXXXX06_27-E,32.295490,-108.885488,XXXXXXXX06,,,26-W-E,,,,,,,,,,,,,,,
238,XXXXXXXX06_27-N,32.295535,-108.885541,XXXXXXXX06,,,26-W-E-N,,,,,,,,,,,,,,,
239,XXXXXXXX06_27-S,32.295445,-108.885541,XXXXXXXX06,,,27-S,,,,,,,,,,,,,,,
240,XXXXXXXX06_27-W,32.295490,-108.885594,XXXXXXXX06,,,27-W,,,,,,,,,,,,,,,
241,XXXXXXXX06_28,32.296173,-108.885450,XXXXXXXX06,,,28,,,,,,,,,,,,,,,
242,XXXXXXXX06_28-E,32.296173,-108.885397,XXXXXXXX06,,,27-W-E,,,,,,,,,,,,,,,
243,XXXXXXXX06_28-N,32.296218,-108.885450,XXXXXXXX06,,,27-W-E-N,,,,,,,,,,,,,,,
244,XXXXXXXX06_28-S,32.296128,-108.885450,XXXXXXXX06,,,28-S,,,,,,,,,,,,,,,
245,XXXXXXXX06_28-W,32.296173,-108.885503,XXXXXXXX06,,,28-W,,,,,,,,,,,,,,,
246,XXXXXXXX07_29,32.296836,-108.885332,XXXXXXXX07,,,29,,,,,,,,,,,,,,,
247,XXXXXXXX07_29-E,32.296836,-108.885279,XXXXXXXX07,,,28-W-E,,,,,,,,,,,,,,,
248,XXXXXXXX07_29-N,32.296881,-108.885332,XXXXXXXX07,,,28-W-E-N,,,,,,,,,,,,,,,
249,XXXXXXXX07_29-S,32.296791,-108.885332,XXXXXXXX07,,,29-S,,,,,,,,,,,,,,,
250,XXXXXXXX07_29-W,32.296836,-108.885385,XXXXXXXX07,,,29-W,,,,,,,,,,,,,,,
251,XXXXXXXX07_30,32.297495,-108.885182,XXXXXXXX07,,,30,,,,,,,,,,,,,,,
252,XXXXXXXX07_30-E,32.297495,-108.885129,XXXXXXXX07,,,29-W-E,,,,,,,,,,,,,,,
253,XXXXXXXX07_30-N,32.297539,-108.885182,XXXXXXXX07,,,29-W-E-N,,,,,,,,,,,,,,,
254,XXXXXXXX07_30-S,32.297450,-108.885182,XXXXXXXX07,,,30-S,,,,,,,,,,,,,,,
255,XXXXXXXX07_31,32.298165,-108.885012,XXXXXXXX07,,,31,,,,,,,,,,,,,,,
256,XXXXXXXX07_31-E,32.298165,-108.884958,XXXXXXXX07,,,30-S-E,,,,,,,,,,,,,,,
257,XXXXXXXX07_31-N,32.298210,-108.885012,XXXXXXXX07,,,30-S-E-N,,,,,,,,,,,,,,,
258,XXXXXXXX07_31-S,32.298120,-108.885012,XXXXXXXX07,,,31-S,,,,,,,,,,,,,,,
259,XXXXXXXX07_31-W,32.298165,-108.885065,XXXXXXXX07,,,31-W,,,,,,,,,,,,,,,
260,XXXXXXXX07_32,32.298841,-108.884939,XXXXXXXX07,,,32,,,,,,,,,,,,,,,
261,XXXXXXXX07_32-E,32.298841,-108.884886,XXXXXXXX07,,,31-W-E,,,,,,,,,,,,,,,
262,XXXXXXXX07_32-N,32.298886,-108.884939,XXXXXXXX07,,,31-W-E-N,,,,,,,,,,,,,,,
263,XXXXXXXX07_32-S,32.298796,-108.884939,XXXXXXXX07,,,32-S,,,,,,,,,,,,,,,
264,XXXXXXXX07_32-W,32.298841,-108.884992,XXXXXXXX07,,,32-W,,,,,,,,,,,,,,,
265,XXXXXXXX07_33,32.299515,-108.884806,XXXXXXXX07,,,33,,,,,,,,,,,,,,,
266,XXXXXXXX07_33-E,32.299515,-108.884753,XXXXXXXX07,,,32-W-E,,,,,,,,,,,,,,,
267,XXXXXXXX07_33-N,32.299560,-108.884806,XXXXXXXX07,,,32-W-E-N,,,,,,,,,,,,,,,
268,XXXXXXXX07_33-S,32.299470,-108.884806,XXXXXXXX07,,,33-S,,,,,,,,,,,,,,,
269,XXXXXXXX07_33-W,32.299515,-108.884859,XXXXXXXX07,,,33-W,,,,,,,,,,,,,,,
270,XXXXXXXX07_34,32.300178,-108.884671,XXXXXXXX07,,,34,,,,,,,,,,,,,,,
271,XXXXXXXX07_34-E,32.300178,-108.884618,XXXXXXXX07,,,33-W-E,,,,,,,,,,,,,,,
272,XXXXXXXX07_34-N,32.300223,-108.884671,XXXXXXXX07,,,33-W-E-N,,,,,,,,,,,,,,,
273,XXXXXXXX07_34-S,32.300133,-108.884671,XXXXXXXX07,,,34-S,,,,,,,,,,,,,,,
274,XXXXXXXX07_35,32.300868,-108.884511,XXXXXXXX07,,,35,,,,,,,,,,,,,,,
275,XXXXXXXX07_35-E,32.300868,-108.884458,XXXXXXXX07,,,34-S-E,,,,,,,,,,,,,,,
276,XXXXXXXX07_35-N,32.300913,-108.884511,XXXXXXXX07,,,34-S-E-N,,,,,,,,,,,,,,,
277,XXXXXXXX07_35-S,32.300823,-108.884511,XXXXXXXX07,,,35-S,,,,,,,,,,,,,,,
278,XXXXXXXX07_35-W,32.300868,-108.884564,XXXXXXXX07,,,35-W,,,,,,,,,,,,,,,
279,XXXXXXXX07_36,32.301503,-108.884448,XXXXXXXX07,,,36,,,,,,,,,,,,,,,
280,XXXXXXXX07_36-E,32.301503,-108.884394,XXXXXXXX07,,,35-W-E,,,,,,,,,,,,,,,
281,XXXXXXXX07_36-N,32.301548,-108.884448,XXXXXXXX07,,,35-W-E-N,,,,,,,,,,,,,,,
282,XXXXXXXX07_36-S,32.301458,-108.884448,XXXXXXXX07,,,36-S,,,,,,,,,,,,,,,
283,XXXXXXXX07_36-W,32.301503,-108.884501,XXXXXXXX07,,,36-W,,,,,,,,,,,,,,,
284,XXXXXXXX08_37,32.302245,-108.884222,XXXXXXXX08,,,37,,,,,,,,,,,,,,,
285,XXXXXXXX08_37-E,32.302245,-108.884169,XXXXXXXX08,,,36-W-E,,,,,,,,,,,,,,,
286,XXXXXXXX08_37-N,32.302289,-108.884222,XXXXXXXX08,,,36-W-E-N,,,,,,,,,,,,,,,
287,XXXXXXXX08_37-S,32.302200,-108.884222,XXXXXXXX08,,,37-S,,,,,,,,,,,,,,,
288,XXXXXXXX08_37-W,32.302245,-108.884275,XXXXXXXX08,,,37-W,,,,,,,,,,,,,,,
289,XXXXXXXX08_38,32.302864,-108.884244,XXXXXXXX08,,,38,,,,,,,,,,,,,,,
290,XXXXXXXX08_38-E,32.302864,-108.884191,XXXXXXXX08,,,37-W-E,,,,,,,,,,,,,,,
291,XXXXXXXX08_38-N,32.302909,-108.884244,XXXXXXXX08,,,37-W-E-N,,,,,,,,,,,,,,,
292,XXXXXXXX08_38-S,32.302819,-108.884244,XXXXXXXX08,,,38-S,,,,,,,,,,,,,,,
293,XXXXXXXX08_38-W,32.302864,-108.884297,XXXXXXXX08,,,38-W,,,,,,,,,,,,,,,
294,XXXXXXXX08_39,32.303557,-108.884162,XXXXXXXX08,,,39,,,,,,,,,,,,,,,
295,XXXXXXXX08_39-E,32.303557,-108.884109,XXXXXXXX08,,,38-W-E,,,,,,,,,,,,,,,
296,XXXXXXXX08_39-N,32.303602,-108.884162,XXXXXXXX08,,,38-W-E-N,,,,,,,,,,,,,,,
297,XXXXXXXX08_39-S,32.303512,-108.884162,XXXXXXXX08,,,39-S,,,,,,,,,,,,,,,
298,XXXXXXXX08_39-W,32.303557,-108.884215,XXXXXXXX08,,,39-W,,,,,,,,,,,,,,,
299,XXXXXXXX08_40,32.304229,-108.884190,XXXXXXXX08,,,40,,,,,,,,,,,,,,,
300,XXXXXXXX08_40-E,32.304229,-108.884137,XXXXXXXX08,,,39-W-E,,,,,,,,,,,,,,,
301,XXXXXXXX08_40-N,32.304274,-108.884190,XXXXXXXX08,,,39-W-E-N,,,,,,,,,,,,,,,
302,XXXXXXXX08_40-S,32.304184,-108.884190,XXXXXXXX08,,,40-S,,,,,,,,,,,,,,,
303,XXXXXXXX08_40-W,32.304229,-108.884243,XXXXXXXX08,,,40-W,,,,,,,,,,,,,,,
304,XXXXXXXX08_41,32.304882,-108.883949,XXXXXXXX08,,,41,,,,,,,,,,,,,,,
305,XXXXXXXX08_41-E,32.304882,-108.883896,XXXXXXXX08,,,40-W-E,,,,,,,,,,,,,,,
306,XXXXXXXX08_41-N,32.304927,-108.883949,XXXXXXXX08,,,40-W-E-N,,,,,,,,,,,,,,,
307,XXXXXXXX08_41-S,32.304837,-108.883949,XXXXXXXX08,,,41-S,,,,,,,,,,,,,,,
308,XXXXXXXX08_41-W,32.304882,-108.884002,XXXXXXXX08,,,41-W,,,,,,,,,,,,,,,
309,XXXXXXXX08_42,32.305557,-108.883897,XXXXXXXX08,,,42,,,,,,,,,,,,,,,
310,XXXXXXXX08_42-E,32.305557,-108.883844,XXXXXXXX08,,,41-W-E,,,,,,,,,,,,,,,
311,XXXXXXXX08_42-N,32.305602,-108.883897,XXXXXXXX08,,,41-W-E-N,,,,,,,,,,,,,,,
312,XXXXXXXX08_42-S,32.305512,-108.883897,XXXXXXXX08,,,42-S,,,,,,,,,,,,,,,
313,XXXXXXXX08_42-W,32.305557,-108.883950,XXXXXXXX08,,,42-W,,,,,,,,,,,,,,,
314,XXXXXXXX08_43,32.306276,-108.883894,XXXXXXXX08,,,43,,,,,,,,,,,,,,,
315,XXXXXXXX08_43-E,32.306276,-108.883841,XXXXXXXX08,,,42-W-E,,,,,,,,,,,,,,,
316,XXXXXXXX08_43-N,32.306321,-108.883894,XXXXXXXX08,,,42-W-E-N,,,,,,,,,,,,,,,
317,XXXXXXXX08_43-S,32.306231,-108.883894,XXXXXXXX08,,,43-S,,,,,,,,,,,,,,,
318,XXXXXXXX08_43-W,32.306276,-108.883948,XXXXXXXX08,,,43-W,,,,,,,,,,,,,,,
319,XXXXXXXX08_44,32.306932,-108.883900,XXXXXXXX08,,,44,,,,,,,,,,,,,,,
320,XXXXXXXX08_44-E,32.306932,-108.883847,XXXXXXXX08,,,43-W-E,,,,,,,,,,,,,,,
321,XXXXXXXX08_44-N,32.306977,-108.883900,XXXXXXXX08,,,43-W-E-N,,,,,,,,,,,,,,,
322,XXXXXXXX08_44-S,32.306887,-108.883900,XXXXXXXX08,,,44-S,,,,,,,,,,,,,,,
323,XXXXXXXX08_44-W,32.306932,-108.883953,XXXXXXXX08,,,44-W,,,,,,,,,,,,,,,
324,XXXXXXXX08_45,32.307597,-108.884004,XXXXXXXX08,,,45,,,,,,,,,,,,,,,
325,XXXXXXXX08_45-E,32.307597,-108.883951,XXXXXXXX08,,,44-W-E,,,,,,,,,,,,,,,
326,XXXXXXXX08_45-N,32.307642,-108.884004,XXXXXXXX08,,,44-W-E-N,,,,,,,,,,,,,,,
327,XXXXXXXX08_45-S,32.307552,-108.884004,XXXXXXXX08,,,45-S,,,,,,,,,,,,,,,
328,XXXXXXXX08_45-W,32.307597,-108.884058,XXXXXXXX08,,,45-W,,,,,,,,,,,,,,,
329,XXXXXXXX09-_46,32.308289,-108.884055,XXXXXXXX09 ,,,46,,,,,,,,,,,,,,,
330,XXXXXXXX09-_46-E,32.308289,-108.884002,XXXXXXXX09 ,,,45-W-E,,,,,,,,,,,,,,,
331,XXXXXXXX09-_46-N,32.308334,-108.884055,XXXXXXXX09 ,,,45-W-E-N,,,,,,,,,,,,,,,
332,XXXXXXXX09-_46-S,32.308244,-108.884055,XXXXXXXX09 ,,,46-S,,,,,,,,,,,,,,,
333,XXXXXXXX09-_46-W,32.308289,-108.884109,XXXXXXXX09 ,,,46-W,,,,,,,,,,,,,,,
334,XXXXXXXX09-_47,32.308960,-108.884092,XXXXXXXX09 ,,,47,,,,,,,,,,,,,,,
335,XXXXXXXX09-_47-E,32.308960,-108.884039,XXXXXXXX09 ,,,46-W-E,,,,,,,,,,,,,,,
336,XXXXXXXX09-_47-N,32.309005,-108.884092,XXXXXXXX09 ,,,46-W-E-N,,,,,,,,,,,,,,,
337,XXXXXXXX09-_47-S,32.308915,-108.884092,XXXXXXXX09 ,,,47-S,,,,,,,,,,,,,,,
338,XXXXXXXX09-_47-W,32.308960,-108.884145,XXXXXXXX09 ,,,47-W,,,,,,,,,,,,,,,
339,XXXXXXXX09-_48,32.309641,-108.884099,XXXXXXXX09 ,,,48,,,,,,,,,,,,,,,
340,XXXXXXXX09-_48-E,32.309641,-108.884046,XXXXXXXX09 ,,,47-W-E,,,,,,,,,,,,,,,
341,XXXXXXXX09-_48-N,32.309686,-108.884099,XXXXXXXX09 ,,,47-W-E-N,,,,,,,,,,,,,,,
342,XXXXXXXX09-_48-S,32.309596,-108.884099,XXXXXXXX09 ,,,48-S,,,,,,,,,,,,,,,
343,XXXXXXXX09-_48-W,32.309641,-108.884152,XXXXXXXX09 ,,,48-W,,,,,,,,,,,,,,,
344,XXXXXXXX09-_49,32.310298,-108.884137,XXXXXXXX09 ,,,49,,,,,,,,,,,,,,,
345,XXXXXXXX09-_49-E,32.310298,-108.884084,XXXXXXXX09 ,,,48-W-E,,,,,,,,,,,,,,,
346,XXXXXXXX09-_49-N,32.310342,-108.884137,XXXXXXXX09 ,,,48-W-E-N,,,,,,,,,,,,,,,
347,XXXXXXXX09-_49-S,32.310253,-108.884137,XXXXXXXX09 ,,,49-S,,,,,,,,,,,,,,,
348,XXXXXXXX09-_49-W,32.310298,-108.884190,XXXXXXXX09 ,,,49-W,,,,,,,,,,,,,,,
349,XXXXXXXX09-_50,32.310997,-108.884074,XXXXXXXX09 ,,,50,,,,,,,,,,,,,,,
350,XXXXXXXX09-_50-E,32.310997,-108.884021,XXXXXXXX09 ,,,49-W-E,,,,,,,,,,,,,,,
351,XXXXXXXX09-_50-N,32.311041,-108.884074,XXXXXXXX09 ,,,49-W-E-N,,,,,,,,,,,,,,,
352,XXXXXXXX09-_50-S,32.310952,-108.884074,XXXXXXXX09 ,,,50-S,,,,,,,,,,,,,,,
353,XXXXXXXX09-_50-W,32.310997,-108.884127,XXXXXXXX09 ,,,50-W,,,,,,,,,,,,,,,
354,XXXXXXXX09-_51,32.311646,-108.884147,XXXXXXXX09 ,,,51,,,,,,,,,,,,,,,
355,XXXXXXXX09-_51-E,32.311646,-108.884093,XXXXXXXX09 ,,,50-W-E,,,,,,,,,,,,,,,
356,XXXXXXXX09-_51-N,32.311691,-108.884147,XXXXXXXX09 ,,,50-W-E-N,,,,,,,,,,,,,,,
357,XXXXXXXX09-_51-S,32.311601,-108.884147,XXXXXXXX09 ,,,51-S,,,,,,,,,,,,,,,
358,XXXXXXXX09-_51-W,32.311646,-108.884200,XXXXXXXX09 ,,,51-W,,,,,,,,,,,,,,,
359,XXXXXXXX09-_52,32.312308,-108.884232,XXXXXXXX09 ,,,52,,,,,,,,,,,,,,,
360,XXXXXXXX09-_52-E,32.312308,-108.884179,XXXXXXXX09 ,,,51-W-E,,,,,,,,,,,,,,,
361,XXXXXXXX09-_52-N,32.312353,-108.884232,XXXXXXXX09 ,,,51-W-E-N,,,,,,,,,,,,,,,
362,XXXXXXXX09-_52-S,32.312263,-108.884232,XXXXXXXX09 ,,,52-S,,,,,,,,,,,,,,,
363,XXXXXXXX09-_52-W,32.312308,-108.884285,XXXXXXXX09 ,,,52-W,,,,,,,,,,,,,,,
364,XXXXXXXX09-_53,32.312928,-108.884232,XXXXXXXX09 ,,,53,,,,,,,,,,,,,,,
365,XXXXXXXX09-_53-E,32.312928,-108.884179,XXXXXXXX09 ,,,52-W-E,,,,,,,,,,,,,,,
366,XXXXXXXX09-_53-N,32.312973,-108.884232,XXXXXXXX09 ,,,52-W-E-N,,,,,,,,,,,,,,,
367,XXXXXXXX09-_53-S,32.312883,-108.884232,XXXXXXXX09 ,,,53-S,,,,,,,,,,,,,,,
368,XXXXXXXX09-_53-W,32.312928,-108.884286,XXXXXXXX09 ,,,53-W,,,,,,,,,,,,,,,
369,XXXXXXXX09-_54,32.313575,-108.884290,XXXXXXXX09 ,,,54,,,,,,,,,,,,,,,
370,XXXXXXXX09-_54-E,32.313575,-108.884237,XXXXXXXX09 ,,,53-W-E,,,,,,,,,,,,,,,
371,XXXXXXXX09-_54-N,32.313620,-108.884290,XXXXXXXX09 ,,,53-W-E-N,,,,,,,,,,,,,,,
372,XXXXXXXX09-_54-S,32.313530,-108.884290,XXXXXXXX09 ,,,54-S,,,,,,,,,,,,,,,
373,XXXXXXXX09-_54-W,32.313575,-108.884343,XXXXXXXX09 ,,,54-W,,,,,,,,,,,,,,,
374,XXXXXXXX10_1A,32.254178,-108.854548,XXXXXXXX10,,,1A,,,,,,,,,,,,,,,
375,XXXXXXXX10_1B,32.254178,-108.854548,XXXXXXXX10,,,1B,,,,,,,,,,,,,,,
376,XXXXXXXX10_2A,32.254072,-108.868057,XXXXXXXX10,,,2A,,,,,,,,,,,,,,,
377,XXXXXXXX10_2B,32.254072,-108.868057,XXXXXXXX10,,,2B,,,,,,,,,,,,,,,
378,XXXXXXXX10_3A,32.267059,-108.878263,XXXXXXXX10,,,3A,,,,,,,,,,,,,,,
379,XXXXXXXX10_3B,32.266650,-108.878450,XXXXXXXX10,,,3B,,,,,,,,,,,,,,,
380,XXXXXXXX10_3C,32.266650,-108.878450,XXXXXXXX10,,,3C,,,,,,,,,,,,,,,
381,XXXXXXXX10_3D,32.266650,-108.878450,XXXXXXXX10,,,3D,,,,,,,,,,,,,,,
382,XXXXXXXX11_4A,32.391282,-108.943534,XXXXXXXX11,,,4A,,,,,,,,,,,,,,,
383,XXXXXXXX11_4B,32.391282,-108.943534,XXXXXXXX11,,,4B,,,,,,,,,,,,,,,
384,XXXXXXXX11_4C,32.391282,-108.943534,XXXXXXXX11,,,4C,,,,,,,,,,,,,,,
385,XXXXXXXX11_5A,32.376331,-108.896092,XXXXXXXX11,,,5A,,,,,,,Lunettes,,,,,,,,
386,XXXXXXXX11_5B,32.376331,-108.896092,XXXXXXXX11,,,5B,,,,,,,,,,,,,,,
